family,suffix,feature,n,ic21,ic63
f01_industrial_cycle_phase,base_001_075,f01icp_f01_industrial_cycle_phase_pbrxagr_10d_base_v042_signal,76946,-0.004366454435976398,-5.422784585243648e-05
f01_industrial_cycle_phase,base_001_075,f01icp_f01_industrial_cycle_phase_agr_42d_base_v020_signal,76946,-0.0171394640641665,-0.0232645670114769
f01_industrial_cycle_phase,base_076_150,f01icp_f01_industrial_cycle_phase_cesxgm_21d_base_v126_signal,76946,-0.02019113774661537,-0.0456707688538334
f01_industrial_cycle_phase,base_076_150,f01icp_f01_industrial_cycle_phase_pbrmean_63d_base_v082_signal,76946,-0.03217232940986254,-0.06364666490266045
f01_industrial_cycle_phase,2nd_derivatives_001_150,f01icp_f01_industrial_cycle_phase_agr_21d_slope_v019_signal,25618,-0.003625640742714989,-0.01625115751964731
f01_industrial_cycle_phase,2nd_derivatives_001_150,f01icp_f01_industrial_cycle_phase_cesema_21d_slope_v138_signal,76946,-0.05519606135673724,-0.052794061762301336
f01_industrial_cycle_phase,3rd_derivatives_001_150,f01icp_f01_industrial_cycle_phase_cesxpbr_5d_jerk_v025_signal,59972,0.008676286085620457,-0.016673351094501097
f01_industrial_cycle_phase,3rd_derivatives_001_150,f01icp_f01_industrial_cycle_phase_pbrstd_63d_jerk_v094_signal,76481,0.00583277011632442,-0.01610840074836089
f02_capex_to_depreciation_cycle,base_001_075,f02cdc_f02_capex_to_depreciation_cycle_ratioxintens_126d_base_v075_signal,76946,-0.028508090347075517,-0.055702170106010016
f02_capex_to_depreciation_cycle,base_001_075,f02cdc_f02_capex_to_depreciation_cycle_ratio_252d_base_v008_signal,76946,0.026219623506286198,0.03884023652699917
f02_capex_to_depreciation_cycle,base_076_150,f02cdc_f02_capex_to_depreciation_cycle_intensebitda_21d_base_v140_signal,76946,0.022725398554642895,0.031770697173894566
f02_capex_to_depreciation_cycle,base_076_150,f02cdc_f02_capex_to_depreciation_cycle_netinvxret_21d_base_v103_signal,76946,0.05032917698008435,0.049316001695207015
f02_capex_to_depreciation_cycle,2nd_derivatives_001_150,f02cdc_f02_capex_to_depreciation_cycle_intens_10d_slope_v010_signal,76946,0.05228749066882973,0.04646811504839254
f02_capex_to_depreciation_cycle,2nd_derivatives_001_150,f02cdc_f02_capex_to_depreciation_cycle_netinv_189d_slope_v023_signal,76946,-0.03144264811185155,-0.04792359857461188
f02_capex_to_depreciation_cycle,3rd_derivatives_001_150,f02cdc_f02_capex_to_depreciation_cycle_netinvxvol_21d_jerk_v112_signal,76938,0.0022901286506365466,-0.00039037271920165314
f02_capex_to_depreciation_cycle,3rd_derivatives_001_150,f02cdc_f02_capex_to_depreciation_cycle_ratioxvol_126d_jerk_v108_signal,76903,0.016710985051774374,0.0488820047817386
f03_backlog_implied_revenue,base_001_075,f03bir_f03_backlog_implied_revenue_rgp_5d_base_v009_signal,76946,-0.0195963090443571,-0.029398819075708155
f03_backlog_implied_revenue,base_001_075,f03bir_f03_backlog_implied_revenue_rsmstd_189d_base_v031_signal,76946,-0.009083911436138523,-0.022445538613038347
f03_backlog_implied_revenue,base_076_150,f03bir_f03_backlog_implied_revenue_trio_126d_base_v087_signal,76946,-0.005687635667979733,-0.02389962344989472
f03_backlog_implied_revenue,base_076_150,f03bir_f03_backlog_implied_revenue_rgpdeferred_63d_base_v146_signal,23454,0.0006009872454730727,0.007630303850130342
f03_backlog_implied_revenue,2nd_derivatives_001_150,f03bir_f03_backlog_implied_revenue_rsmsmooth_126d_slope_v109_signal,76946,-0.023723060340348743,-0.038839740747899754
f03_backlog_implied_revenue,2nd_derivatives_001_150,f03bir_f03_backlog_implied_revenue_rgp_252d_slope_v016_signal,76722,-0.032528574511517964,-0.05039247663167493
f03_backlog_implied_revenue,3rd_derivatives_001_150,f03bir_f03_backlog_implied_revenue_rgpdeferred_21d_jerk_v145_signal,8329,-0.059760749513471344,-0.039448084213818645
f03_backlog_implied_revenue,3rd_derivatives_001_150,f03bir_f03_backlog_implied_revenue_rsmstd_252d_jerk_v032_signal,76906,-0.02136043489441824,-0.006842281100180932
f04_inventory_destock_signature,base_001_075,f04ids_f04_inventory_destock_signature_idystd_63d_base_v029_signal,77335,-0.0323065515146601,-0.05589139268318561
f04_inventory_destock_signature,base_001_075,f04ids_f04_inventory_destock_signature_idyxitr_126d_base_v075_signal,76946,-0.015948308160777736,-0.03036956661963202
f04_inventory_destock_signature,base_076_150,f04ids_f04_inventory_destock_signature_itrxigg_126d_base_v083_signal,76946,-0.023810277374426578,-0.0343349488652872
f04_inventory_destock_signature,base_076_150,f04ids_f04_inventory_destock_signature_itrcorz_21d_base_v149_signal,68452,-0.01332254998802442,-0.01608134320274701
f04_inventory_destock_signature,2nd_derivatives_001_150,f04ids_f04_inventory_destock_signature_itrcorz_63d_slope_v150_signal,76798,0.024973209981737177,0.029859816454380208
f04_inventory_destock_signature,2nd_derivatives_001_150,f04ids_f04_inventory_destock_signature_iggxvol_63d_slope_v102_signal,70839,-0.00223737671630972,-3.1261881190552416e-05
f04_inventory_destock_signature,3rd_derivatives_001_150,f04ids_f04_inventory_destock_signature_itr_63d_jerk_v013_signal,76946,-0.011688674951014399,-0.022714734003029622
f04_inventory_destock_signature,3rd_derivatives_001_150,f04ids_f04_inventory_destock_signature_iggz_21d_jerk_v057_signal,62040,0.011445473101588794,0.009152036065228436
f05_working_capital_intensity,base_001_075,f05wci_f05_working_capital_intensity_wcr_126d_base_v006_signal,76946,-0.027205647985249413,-0.052533367375819255
f05_working_capital_intensity,base_001_075,f05wci_f05_working_capital_intensity_wcbchg_252d_base_v072_signal,70277,0.004843291371865361,0.007119086245592304
f05_working_capital_intensity,base_076_150,f05wci_f05_working_capital_intensity_wcbxret_63d_base_v093_signal,70533,-0.010736549551714195,-0.012887103173683863
f05_working_capital_intensity,base_076_150,f05wci_f05_working_capital_intensity_wcbema_21d_base_v113_signal,70533,0.007731790976424206,0.0032848355967032253
f05_working_capital_intensity,2nd_derivatives_001_150,f05wci_f05_working_capital_intensity_wcrema_63d_slope_v108_signal,76946,-0.06495719536860464,-0.08294581665516426
f05_working_capital_intensity,2nd_derivatives_001_150,f05wci_f05_working_capital_intensity_nocstd_63d_slope_v037_signal,74450,-0.05923188602766143,-0.01686077951085605
f05_working_capital_intensity,3rd_derivatives_001_150,f05wci_f05_working_capital_intensity_wcbsign_252d_jerk_v139_signal,70524,-0.006154414627971783,0.01043844817586576
f05_working_capital_intensity,3rd_derivatives_001_150,f05wci_f05_working_capital_intensity_wcrstd_189d_jerk_v031_signal,76946,-0.02852908974600025,-0.016963823660278772
f06_capacity_utilization_proxy,base_001_075,f06cup_f06_capacity_utilization_proxy_utilzsq_63d_base_v074_signal,75040,-0.022410373031303325,-0.028627067766210147
f06_capacity_utilization_proxy,base_001_075,f06cup_f06_capacity_utilization_proxy_sppe_378d_base_v040_signal,76946,-0.039664366127979196,-0.07047103137443471
f06_capacity_utilization_proxy,base_076_150,f06cup_f06_capacity_utilization_proxy_utilzxcret_21d_base_v147_signal,53996,-0.020065833212383342,-0.009374658246268876
f06_capacity_utilization_proxy,base_076_150,f06cup_f06_capacity_utilization_proxy_turnxppe_63d_base_v099_signal,76946,-0.0017188981151418322,-0.01923630761087654
f06_capacity_utilization_proxy,2nd_derivatives_001_150,f06cup_f06_capacity_utilization_proxy_utilz_504d_slope_v027_signal,76934,-0.0014278869137698772,0.0010355242451930737
f06_capacity_utilization_proxy,2nd_derivatives_001_150,f06cup_f06_capacity_utilization_proxy_turnratio_252v504_slope_v149_signal,76946,-0.0455767429729871,-0.06669112438469912
f06_capacity_utilization_proxy,3rd_derivatives_001_150,f06cup_f06_capacity_utilization_proxy_utilzdiff_252m504_jerk_v147_signal,76934,0.014847151613399482,0.0316102883381708
f06_capacity_utilization_proxy,3rd_derivatives_001_150,f06cup_f06_capacity_utilization_proxy_sppe_5d_jerk_v049_signal,76946,-0.01068230826490084,-0.012658874192772214
f07_replacement_demand_aging,base_001_075,f07rda_f07_replacement_demand_aging_agegap_63v252_base_v048_signal,76946,0.006036296059292023,0.020081294994386045
f07_replacement_demand_aging,base_001_075,f07rda_f07_replacement_demand_aging_press_252d_base_v013_signal,76946,0.010332453521440865,0.022385477802592077
f07_replacement_demand_aging,base_076_150,f07rda_f07_replacement_demand_aging_overinv_504d_base_v146_signal,76946,0.028294367848802987,0.039500747257623425
f07_replacement_demand_aging,base_076_150,f07rda_f07_replacement_demand_aging_agexcap_252d_base_v084_signal,76946,0.007051273963988542,0.013847590022626291
f07_replacement_demand_aging,2nd_derivatives_001_150,f07rda_f07_replacement_demand_aging_age_5d_21slope_v145_signal,76946,-0.053699691956074436,-0.05093215490645454
f07_replacement_demand_aging,2nd_derivatives_001_150,f07rda_f07_replacement_demand_aging_rep_126d_slope_v016_signal,76946,-0.05311837676786678,-0.06232784100553297
f07_replacement_demand_aging,3rd_derivatives_001_150,f07rda_f07_replacement_demand_aging_rep_378d_jerk_v053_signal,76871,0.03872096323953865,0.0486523676303547
f07_replacement_demand_aging,3rd_derivatives_001_150,f07rda_f07_replacement_demand_aging_repratio_63v504_jerk_v128_signal,76934,-0.009271734916047412,-0.00037705006553380405
f08_capex_acceleration,base_001_075,f08cap_f08_capex_acceleration_iintxrev_252d_base_v069_signal,76946,0.0059813898284930885,0.0013616643242271842
f08_capex_acceleration,base_001_075,f08cap_f08_capex_acceleration_crevsq_252d_base_v055_signal,76946,-0.02760972404041838,-0.05543479495372978
f08_capex_acceleration,base_076_150,f08cap_f08_capex_acceleration_accelcount_21d_base_v116_signal,76950,-0.02995527630488476,-0.04469874858882741
f08_capex_acceleration,base_076_150,f08cap_f08_capex_acceleration_growminusrev_63d_base_v135_signal,76946,-0.024694334841352715,-0.028425264186434675
f08_capex_acceleration,2nd_derivatives_001_150,f08cap_f08_capex_acceleration_iint_504d_long_slope_v150_signal,73704,-0.002038932322971152,-0.009227002935034645
f08_capex_acceleration,2nd_derivatives_001_150,f08cap_f08_capex_acceleration_crevratio_21v252_slope_v117_signal,76946,-0.053913290951661454,-0.06183280531827586
f08_capex_acceleration,3rd_derivatives_001_150,f08cap_f08_capex_acceleration_growmin_252d_jerk_v093_signal,59215,-0.010226462961901998,-0.005374932539062452
f08_capex_acceleration,3rd_derivatives_001_150,f08cap_f08_capex_acceleration_iintxrev_252d_jerk_v077_signal,76839,0.0021192463093255803,0.0160514188410197
f09_inventory_to_sales_dynamics,base_001_075,f09isd_f09_inventory_to_sales_dynamics_velstd_252d_base_v032_signal,76946,-0.03858176362262426,-0.06831718221460636
f09_inventory_to_sales_dynamics,base_001_075,f09isd_f09_inventory_to_sales_dynamics_gap_189d_base_v024_signal,76946,-0.01117189498362773,-0.01641078305502637
f09_inventory_to_sales_dynamics,base_076_150,f09isd_f09_inventory_to_sales_dynamics_gapcum_63d_base_v107_signal,76946,-0.02277449854573009,-0.049256502683067596
f09_inventory_to_sales_dynamics,base_076_150,f09isd_f09_inventory_to_sales_dynamics_velrng_252d_base_v086_signal,76946,-0.03660387152202314,-0.06903845635895937
f09_inventory_to_sales_dynamics,2nd_derivatives_001_150,f09isd_f09_inventory_to_sales_dynamics_vellong_slope_v148_signal,76946,-0.05546654963600689,-0.05072134577925839
f09_inventory_to_sales_dynamics,2nd_derivatives_001_150,f09isd_f09_inventory_to_sales_dynamics_gapsq_63d_slope_v077_signal,70839,0.01090804172342185,0.022741617406823036
f09_inventory_to_sales_dynamics,3rd_derivatives_001_150,f09isd_f09_inventory_to_sales_dynamics_dsi_252d_jerk_v135_signal,76946,-0.017524357101016765,-0.02132666271680245
f09_inventory_to_sales_dynamics,3rd_derivatives_001_150,f09isd_f09_inventory_to_sales_dynamics_vellevel_252d_jerk_v127_signal,76934,-0.013889128495010731,-0.012659016507402504
f10_receivables_quality,base_001_075,f10rcq_f10_receivables_quality_dsoema_252d_base_v044_signal,76946,-0.023136745826286137,-0.045677193633292465
f10_receivables_quality,base_001_075,f10rcq_f10_receivables_quality_dsoxrev_63d_base_v058_signal,76946,-0.007499906614268592,-0.02323789141550152
f10_receivables_quality,base_076_150,f10rcq_f10_receivables_quality_collzxcret_21d_base_v112_signal,76946,-0.017499573340782122,-0.014531491136322454
f10_receivables_quality,base_076_150,f10rcq_f10_receivables_quality_dsocv_252d_base_v085_signal,76946,-0.025225221490813188,-0.0430929689573367
f10_receivables_quality,2nd_derivatives_001_150,f10rcq_f10_receivables_quality_gap_189d_slope_v031_signal,76946,0.015967536395624843,0.03204370416357967
f10_receivables_quality,2nd_derivatives_001_150,f10rcq_f10_receivables_quality_collmax_252d_slope_v132_signal,70642,-0.03862222449631222,-0.06290259545948466
f10_receivables_quality,3rd_derivatives_001_150,f10rcq_f10_receivables_quality_dsolevel_63d_jerk_v108_signal,76946,-0.018566817125753244,-0.023165651032374175
f10_receivables_quality,3rd_derivatives_001_150,f10rcq_f10_receivables_quality_dsoz_252d_jerk_v043_signal,76946,-0.007916398869244938,-0.008000452371607278
f11_defense_revenue_stability,base_001_075,drs_f11_defense_revenue_stability_revcons_378d_ema_v044_signal,76946,-0.02697596243601644,-0.039924600436018406
f11_defense_revenue_stability,base_001_075,drs_f11_defense_revenue_stability_revcons_378d_scaled_v020_signal,76946,-0.03439729208633062,-0.06311349217180597
f11_defense_revenue_stability,base_076_150,drs_f11_defense_revenue_stability_revstab_21d_xebitda_v138_signal,25636,-0.01072201555963782,-0.00865373932113262
f11_defense_revenue_stability,base_076_150,drs_f11_defense_revenue_stability_revstab_126d_xebm_v129_signal,76831,-0.022814345187461674,-0.04139612149953198
f11_defense_revenue_stability,2nd_derivatives_001_150,drs_f11_defense_revenue_stability_revcons_126d_xvslpct21_v011_signal,76781,-0.0026663645643851468,-0.027629240295502438
f11_defense_revenue_stability,2nd_derivatives_001_150,drs_f11_defense_revenue_stability_revcons_378d_sldiff126_v020_signal,76946,-0.03665666707802879,-0.06538304556151484
f11_defense_revenue_stability,3rd_derivatives_001_150,drs_f11_defense_revenue_stability_revcons_504d_meanjerk63_v143_signal,76749,-0.032039131946879726,-0.037886128380758256
f11_defense_revenue_stability,3rd_derivatives_001_150,drs_f11_defense_revenue_stability_revstab_21d_emajerk5_v147_signal,76946,-0.011111430970633676,-0.013374597900410849
f12_long_cycle_visibility,base_001_075,lcv_f12_long_cycle_visibility_smvis_252d_ema_v041_signal,76946,-0.021417800980024063,-0.04130027588267189
f12_long_cycle_visibility,base_001_075,lcv_f12_long_cycle_visibility_smvis_378d_ema_v044_signal,76946,-0.02421528543911023,-0.05009678770287804
f12_long_cycle_visibility,base_076_150,lcv_f12_long_cycle_visibility_grpers_504d_stdw_v120_signal,76737,-0.012822941869308503,-0.023777606038074734
f12_long_cycle_visibility,base_076_150,lcv_f12_long_cycle_visibility_myg_63d_xnetinc_v139_signal,76946,-0.04829137975896322,-0.09895360049517243
f12_long_cycle_visibility,2nd_derivatives_001_150,lcv_f12_long_cycle_visibility_smvis_42d_xvslpct5_v149_signal,71671,0.016178627060477093,9.830201469584828e-05
f12_long_cycle_visibility,2nd_derivatives_001_150,lcv_f12_long_cycle_visibility_grpers_378d_emaslpct126_v117_signal,76769,-0.03430750290647908,-0.05691895494324172
f12_long_cycle_visibility,3rd_derivatives_001_150,lcv_f12_long_cycle_visibility_grpers_252d_meanjerk63_v018_signal,76841,-0.021521850544335083,-0.018858543943344314
f12_long_cycle_visibility,3rd_derivatives_001_150,lcv_f12_long_cycle_visibility_grpers_504d_xvjerk5_v024_signal,76908,-0.008824853107080964,-0.0040237459776947945
f13_aerospace_oem_cycle_position,base_001_075,aoc_f13_aerospace_oem_cycle_position_trough_126d_ema_v035_signal,76946,-0.04168658365892368,-0.08666894857404457
f13_aerospace_oem_cycle_position,base_001_075,aoc_f13_aerospace_oem_cycle_position_revinfl_189d_z_v061_signal,76946,0.00039323278020733974,-0.008807723815741648
f13_aerospace_oem_cycle_position,base_076_150,aoc_f13_aerospace_oem_cycle_position_recstr_126d_xcapex_v084_signal,76946,0.04231853799159267,0.08402754221682673
f13_aerospace_oem_cycle_position,base_076_150,aoc_f13_aerospace_oem_cycle_position_trough_126d_xnetinc_v083_signal,76946,-0.03895631878921419,-0.0869045496804799
f13_aerospace_oem_cycle_position,2nd_derivatives_001_150,aoc_f13_aerospace_oem_cycle_position_trough_63d_sldiff21_v080_signal,50067,-0.03451604882007054,-0.01896450802427538
f13_aerospace_oem_cycle_position,2nd_derivatives_001_150,aoc_f13_aerospace_oem_cycle_position_revinfl_42d_meanslpct5_v148_signal,69266,-0.020234913939260277,-0.013996515851364513
f13_aerospace_oem_cycle_position,3rd_derivatives_001_150,aoc_f13_aerospace_oem_cycle_position_revinfl_378d_xdvjerk21_v115_signal,76946,0.022987397285620954,0.020244574219151306
f13_aerospace_oem_cycle_position,3rd_derivatives_001_150,aoc_f13_aerospace_oem_cycle_position_revinfl_21d_meanjerk5_v073_signal,42766,0.009833154851804487,0.049844731474021686
f14_aftermarket_margin_quality,base_001_075,amq_f14_aftermarket_margin_quality_mfloor_21d_z_v050_signal,37803,0.00305662873807247,-0.017073525367016118
f14_aftermarket_margin_quality,base_001_075,amq_f14_aftermarket_margin_quality_mstab_378d_ema_v045_signal,76946,-0.024966883046628183,-0.05147008420906395
f14_aftermarket_margin_quality,base_076_150,amq_f14_aftermarket_margin_quality_mstab_21d_stdw_v078_signal,77335,-0.045745605421765465,-0.020470422809319856
f14_aftermarket_margin_quality,base_076_150,amq_f14_aftermarket_margin_quality_mstab_504d_meanw_v135_signal,76935,-0.025456429185699753,-0.05150155891576826
f14_aftermarket_margin_quality,2nd_derivatives_001_150,amq_f14_aftermarket_margin_quality_mdur_378d_slpct126_v091_signal,76946,-0.04643177906634878,-0.0671025553780072
f14_aftermarket_margin_quality,2nd_derivatives_001_150,amq_f14_aftermarket_margin_quality_mfloor_378d_sldiff126_v044_signal,76947,-0.06225365415017233,-0.060224131224939595
f14_aftermarket_margin_quality,3rd_derivatives_001_150,amq_f14_aftermarket_margin_quality_mstab_42d_xdvjerk21_v030_signal,76946,0.01159610006876545,0.01328075532094266
f14_aftermarket_margin_quality,3rd_derivatives_001_150,amq_f14_aftermarket_margin_quality_mdur_63d_emajerk5_v127_signal,76946,0.006277103163011908,-0.008069575584118272
f15_program_revenue_consistency,base_001_075,prc_f15_program_revenue_consistency_smooth_63d_scaled_v008_signal,77335,-0.025967299011182447,-0.04163834260598065
f15_program_revenue_consistency,base_001_075,prc_f15_program_revenue_consistency_revcv_42d_ema_v028_signal,76946,-0.03777065504815327,-0.03798485246906638
f15_program_revenue_consistency,base_076_150,prc_f15_program_revenue_consistency_revcv_126d_xcapex_v112_signal,76946,0.006231899435586835,0.01530335253866135
f15_program_revenue_consistency,base_076_150,prc_f15_program_revenue_consistency_smooth_21d_stdw_v092_signal,77335,-0.04859888251795503,-0.028380611708454108
f15_program_revenue_consistency,2nd_derivatives_001_150,prc_f15_program_revenue_consistency_revcv_252d_meanslpct63_v064_signal,76946,-0.04953706625822371,-0.061765900106668596
f15_program_revenue_consistency,2nd_derivatives_001_150,prc_f15_program_revenue_consistency_revpred_42d_xdvslpct5_v102_signal,56853,0.005971198825730376,0.003701280569528368
f15_program_revenue_consistency,3rd_derivatives_001_150,prc_f15_program_revenue_consistency_smooth_42d_jerk21_v101_signal,30608,-0.05692532702425159,-0.07792149700736213
f15_program_revenue_consistency,3rd_derivatives_001_150,prc_f15_program_revenue_consistency_smooth_63d_meanjerk5_v128_signal,76594,-0.003698233341868671,-0.0034202371613903802
f16_grid_electrification_growth,base_001_075,f16geg_f16_grid_electrification_growth_revenue_growth_intensity_21d_base_v011_signal,76946,-0.032601434350891495,-0.04306148472048887
f16_grid_electrification_growth,base_001_075,f16geg_f16_grid_electrification_growth_revenue_growth_intensity_63d_base_v022_signal,76946,-0.04322851503041299,-0.07952088035924394
f16_grid_electrification_growth,base_076_150,f16geg_f16_grid_electrification_growth_growth_compounded_21d_base_v133_signal,76946,-0.046513073470134746,-0.06431585397264328
f16_grid_electrification_growth,base_076_150,f16geg_f16_grid_electrification_growth_growth_compounded_10d_base_v127_signal,76946,-0.048064472731157895,-0.06691198445389719
f16_grid_electrification_growth,2nd_derivatives_001_150,f16geg_f16_grid_electrification_growth_growth_compounded_100d_slope_v141_signal,76815,-0.021678243534910123,-0.01882148725183977
f16_grid_electrification_growth,2nd_derivatives_001_150,f16geg_f16_grid_electrification_growth_growth_persistence_score_189d_slope_v072_signal,67389,-0.00794730460147251,-0.03298096612770912
f16_grid_electrification_growth,3rd_derivatives_001_150,f16geg_f16_grid_electrification_growth_revenue_growth_intensity_504d_jerk_v036_signal,76611,-0.0009306389463127311,-0.0025543190856169157
f16_grid_electrification_growth,3rd_derivatives_001_150,f16geg_f16_grid_electrification_growth_growth_compounded_63d_jerk_v111_signal,75865,0.006920099600641703,0.004239819380792093
f17_electrical_pricing_power,base_001_075,f17epp_f17_electrical_pricing_power_pricing_uplift_63d_base_v071_signal,76946,-0.02662788971802727,-0.03677366640406306
f17_electrical_pricing_power,base_001_075,f17epp_f17_electrical_pricing_power_rev_per_ppe_21d_base_v036_signal,76946,-0.043250444938592245,-0.0760876697615645
f17_electrical_pricing_power,base_076_150,f17epp_f17_electrical_pricing_power_pricing_uplift_10d_base_v129_signal,76946,-0.04714667757476524,-0.05449420666650682
f17_electrical_pricing_power,base_076_150,f17epp_f17_electrical_pricing_power_rev_per_ppe_126d_base_v121_signal,76946,-0.05229677634926386,-0.07750854054997657
f17_electrical_pricing_power,2nd_derivatives_001_150,f17epp_f17_electrical_pricing_power_rev_per_ppe_150d_slope_v098_signal,76946,-0.04961607215782839,-0.05643505486859944
f17_electrical_pricing_power,2nd_derivatives_001_150,f17epp_f17_electrical_pricing_power_rev_per_ppe_42d_slope_v060_signal,76946,-0.04766737534663662,-0.07287141848293054
f17_electrical_pricing_power,3rd_derivatives_001_150,f17epp_f17_electrical_pricing_power_rev_per_asset_504d_jerk_v039_signal,76946,-0.0343322087934528,-0.029317938298714916
f17_electrical_pricing_power,3rd_derivatives_001_150,f17epp_f17_electrical_pricing_power_rev_per_asset_189d_jerk_v022_signal,76946,0.00510541517967692,-0.009371065152663142
f18_transformer_orderflow_proxy,base_001_075,f18tof_f18_transformer_orderflow_proxy_orderflow_proxy_63d_base_v023_signal,76946,-0.042885821893740364,-0.0837129182630368
f18_transformer_orderflow_proxy,base_001_075,f18tof_f18_transformer_orderflow_proxy_orderflow_proxy_42d_base_v020_signal,76946,-0.04980857922242316,-0.0689316520481103
f18_transformer_orderflow_proxy,base_076_150,f18tof_f18_transformer_orderflow_proxy_backlog_buildup_10d_base_v105_signal,23543,-0.09813630657037575,-0.07075305720710827
f18_transformer_orderflow_proxy,base_076_150,f18tof_f18_transformer_orderflow_proxy_backlog_buildup_10d_base_v105_signal,23543,-0.09813630657037575,-0.07075305720710827
f18_transformer_orderflow_proxy,2nd_derivatives_001_150,f18tof_f18_transformer_orderflow_proxy_orderflow_proxy_21d_slope_v004_signal,25643,-0.04196656138525213,-0.04297184332624109
f18_transformer_orderflow_proxy,2nd_derivatives_001_150,f18tof_f18_transformer_orderflow_proxy_long_cycle_acceleration_189d_slope_v125_signal,76780,-0.006651420180190345,-0.00554536511373688
f18_transformer_orderflow_proxy,3rd_derivatives_001_150,f18tof_f18_transformer_orderflow_proxy_orderflow_proxy_150d_jerk_v047_signal,76869,0.014169537759806842,0.001005799080422113
f18_transformer_orderflow_proxy,3rd_derivatives_001_150,f18tof_f18_transformer_orderflow_proxy_backlog_buildup_126d_jerk_v068_signal,22709,-0.04685124928421332,-0.03064574610857691
f19_electrification_capex_demand,base_001_075,f19ecd_f19_electrification_capex_demand_capex_sustained_21d_base_v037_signal,76946,0.0021857582111914162,0.003644674438104562
f19_electrification_capex_demand,base_001_075,f19ecd_f19_electrification_capex_demand_asset_growth_5d_base_v001_signal,76946,0.0020964096405438467,0.0009317484696531015
f19_electrification_capex_demand,base_076_150,f19ecd_f19_electrification_capex_demand_asset_growth_63d_base_v094_signal,76946,-0.0191940415921175,-0.034936042472879056
f19_electrification_capex_demand,base_076_150,f19ecd_f19_electrification_capex_demand_capex_intensity_uplift_10d_base_v129_signal,76946,-0.04467440511577752,-0.05285520421930806
f19_electrification_capex_demand,2nd_derivatives_001_150,f19ecd_f19_electrification_capex_demand_capex_intensity_uplift_504d_slope_v137_signal,76946,0.005777003610904399,0.007898391131493744
f19_electrification_capex_demand,2nd_derivatives_001_150,f19ecd_f19_electrification_capex_demand_capex_sustained_100d_slope_v095_signal,76946,0.05641484416367946,0.06775014386996461
f19_electrification_capex_demand,3rd_derivatives_001_150,f19ecd_f19_electrification_capex_demand_capex_intensity_uplift_100d_jerk_v145_signal,76547,0.014455200630297418,-0.0024579223997022734
f19_electrification_capex_demand,3rd_derivatives_001_150,f19ecd_f19_electrification_capex_demand_capex_sustained_378d_jerk_v082_signal,76946,-0.004143816426905353,0.0014304986331733576
f20_renewable_grid_buildout_signal,base_001_075,f20rgb_f20_renewable_grid_buildout_signal_small_base_acceleration_42d_base_v017_signal,76946,-0.01681234489817336,-0.006427906614054363
f20_renewable_grid_buildout_signal,base_001_075,f20rgb_f20_renewable_grid_buildout_signal_buildout_momentum_42d_base_v066_signal,76946,-0.04517471138118705,-0.0761205079809862
f20_renewable_grid_buildout_signal,base_076_150,f20rgb_f20_renewable_grid_buildout_signal_small_base_acceleration_21d_base_v082_signal,76946,-0.003183420074799331,-0.012780555461387072
f20_renewable_grid_buildout_signal,base_076_150,f20rgb_f20_renewable_grid_buildout_signal_buildout_momentum_21d_base_v134_signal,76946,-0.04787978898308861,-0.06596366582539555
f20_renewable_grid_buildout_signal,2nd_derivatives_001_150,f20rgb_f20_renewable_grid_buildout_signal_buildout_momentum_100d_slope_v144_signal,76735,-0.014412065196128978,-0.0068941611188917135
f20_renewable_grid_buildout_signal,2nd_derivatives_001_150,f20rgb_f20_renewable_grid_buildout_signal_buildout_momentum_21d_slope_v101_signal,25894,0.0020594458788060943,-0.02490459502987977
f20_renewable_grid_buildout_signal,3rd_derivatives_001_150,f20rgb_f20_renewable_grid_buildout_signal_buildout_momentum_21d_jerk_v102_signal,13509,0.03498405909246319,0.07018136913578134
f21_specialty_machinery_replacement,base_001_075,f21smr_f21_specialty_machinery_replacement_repl_ema_21d_base_v051_signal,76946,0.026937171999909037,0.04024450404949668
f21_specialty_machinery_replacement,base_001_075,f21smr_f21_specialty_machinery_replacement_rejuv_63d_base_v014_signal,76946,0.02656725583535798,0.0453575748676953
f21_specialty_machinery_replacement,base_076_150,f21smr_f21_specialty_machinery_replacement_rejuv_ratio_63_252_base_v137_signal,76946,-0.025326341237852237,-0.04559669785495414
f21_specialty_machinery_replacement,base_076_150,f21smr_f21_specialty_machinery_replacement_freshness_pulse_base_v127_signal,76946,0.015402459919075559,0.020702074216043993
f21_specialty_machinery_replacement,2nd_derivatives_001_150,f21smr_f21_specialty_machinery_replacement_rejuv_126d_slope_v016_signal,76946,-0.05232863693269673,-0.0499749340487044
f21_specialty_machinery_replacement,2nd_derivatives_001_150,f21smr_f21_specialty_machinery_replacement_rejuv_mean63_63d_slope_v049_signal,76946,-0.04771213580231577,-0.05065124276882371
f21_specialty_machinery_replacement,3rd_derivatives_001_150,f21smr_f21_specialty_machinery_replacement_rejuv_w21_21d_jerk_v018_signal,76946,0.018678570380662347,0.023532659397558834
f21_specialty_machinery_replacement,3rd_derivatives_001_150,f21smr_f21_specialty_machinery_replacement_freshness_log_21d_jerk_v054_signal,76946,-0.01755258734117402,-0.023479989677964642
f22_machinery_pricing_durability,base_001_075,f22mpd_f22_machinery_pricing_durability_floor_sqrt_252d_base_v057_signal,76948,-0.02344102088797305,-0.0488581612916653
f22_machinery_pricing_durability,base_001_075,f22mpd_f22_machinery_pricing_durability_resilience_42d_base_v021_signal,56713,-0.0016557499413494144,-0.02061135902200652
f22_machinery_pricing_durability,base_076_150,f22mpd_f22_machinery_pricing_durability_floor_diff_63d_base_v090_signal,76946,-0.008986310170832613,-0.013280262942619896
f22_machinery_pricing_durability,base_076_150,f22mpd_f22_machinery_pricing_durability_resil_x_revenue_base_v119_signal,76946,-0.030485432319894028,-0.05704626995829401
f22_machinery_pricing_durability,2nd_derivatives_001_150,f22mpd_f22_machinery_pricing_durability_resil_252d_42d_slope_v014_signal,76946,-0.06372677517144633,-0.06632015117845848
f22_machinery_pricing_durability,2nd_derivatives_001_150,f22mpd_f22_machinery_pricing_durability_score_252d_252d_slope_v027_signal,76905,-0.048525980467971186,-0.08517923289869975
f22_machinery_pricing_durability,3rd_derivatives_001_150,f22mpd_f22_machinery_pricing_durability_floor_252d_5d_jerk_v001_signal,76946,-0.01328538558457217,-0.013667446649934776
f22_machinery_pricing_durability,3rd_derivatives_001_150,f22mpd_f22_machinery_pricing_durability_resil_x_cor_jerk_v146_signal,76946,-0.012271410430381172,-0.019588548046183228
f23_quiet_compounder_signature,base_001_075,f23qcs_f23_quiet_compounder_signature_steady_504d_base_v020_signal,73767,0.0004916909093108904,-0.009210346214348443
f23_quiet_compounder_signature,base_001_075,f23qcs_f23_quiet_compounder_signature_steady_range_252d_base_v069_signal,76946,-0.022128420854034513,-0.05241079937673255
f23_quiet_compounder_signature,base_076_150,f23qcs_f23_quiet_compounder_signature_lowvol_w63_w21_base_v088_signal,76946,0.023616664201631797,0.04401736202127471
f23_quiet_compounder_signature,base_076_150,f23qcs_f23_quiet_compounder_signature_steady_regime_base_v122_signal,76905,0.0180516826379563,0.02022886648143086
f23_quiet_compounder_signature,2nd_derivatives_001_150,f23qcs_f23_quiet_compounder_signature_lowvol_w63_21d_slope_v007_signal,76946,-0.022031605716156328,-0.04136156496661261
f23_quiet_compounder_signature,2nd_derivatives_001_150,f23qcs_f23_quiet_compounder_signature_lowvol_w504_126d_slope_v019_signal,76946,-0.032693390692641704,-0.03493788814102378
f23_quiet_compounder_signature,3rd_derivatives_001_150,f23qcs_f23_quiet_compounder_signature_composite_w63_dn21_jerk_v054_signal,76946,0.016321495137261423,0.016090714097314378
f23_quiet_compounder_signature,3rd_derivatives_001_150,f23qcs_f23_quiet_compounder_signature_lowvol_range_21d_jerk_v097_signal,76946,0.020359560611945396,0.010188193542163347
f24_steady_eddy_growth,base_001_075,f24seg_f24_steady_eddy_growth_consistency_max_252d_base_v020_signal,76946,-0.03566911715589503,-0.06812771330544969
f24_steady_eddy_growth,base_001_075,f24seg_f24_steady_eddy_growth_cv_378d_base_v033_signal,76013,-0.028732983202140756,-0.038197398262587515
f24_steady_eddy_growth,base_076_150,f24seg_f24_steady_eddy_growth_cv_w63_w42_base_v120_signal,76946,-0.022027392127602734,-0.04063516348865006
f24_steady_eddy_growth,base_076_150,f24seg_f24_steady_eddy_growth_score_z_504d_base_v122_signal,76873,-0.005252139567734071,-0.026718354972285377
f24_steady_eddy_growth,2nd_derivatives_001_150,f24seg_f24_steady_eddy_growth_consistency_z63_21d_slope_v122_signal,76945,0.013130987770698415,0.015040012650077256
f24_steady_eddy_growth,2nd_derivatives_001_150,f24seg_f24_steady_eddy_growth_cv_w63_10d_slope_v032_signal,76708,-0.011142335404071448,-0.008245545672101614
f24_steady_eddy_growth,3rd_derivatives_001_150,f24seg_f24_steady_eddy_growth_consistency_xrev_21d_jerk_v030_signal,76840,-0.0007072919659691648,-0.00912944223828466
f24_steady_eddy_growth,3rd_derivatives_001_150,f24seg_f24_steady_eddy_growth_consistency_ema126_63d_jerk_v125_signal,76946,0.01492410553202893,0.030698856184206907
f25_hidden_compounder_detector,base_001_075,f25hcd_f25_hidden_compounder_detector_und_diff_21d_base_v060_signal,76946,0.021805287268962602,0.05917325871429679
f25_hidden_compounder_detector,base_001_075,f25hcd_f25_hidden_compounder_detector_und_xclose2_base_v062_signal,76946,-0.01818343699559735,-0.02723377848083357
f25_hidden_compounder_detector,base_076_150,f25hcd_f25_hidden_compounder_detector_lahg_rank63_base_v137_signal,76867,-0.034419134686222576,-0.047938095930687465
f25_hidden_compounder_detector,base_076_150,f25hcd_f25_hidden_compounder_detector_lahg_xclose_base_v115_signal,76887,-0.019177453476216,0.006070113647876835
f25_hidden_compounder_detector,2nd_derivatives_001_150,f25hcd_f25_hidden_compounder_detector_qfcf_z252_21d_slope_v022_signal,76866,0.02384023109376245,-0.022102469266185507
f25_hidden_compounder_detector,2nd_derivatives_001_150,f25hcd_f25_hidden_compounder_detector_lahg_w63_126d_slope_v037_signal,76793,-0.010398031346682584,-0.003745753763943552
f25_hidden_compounder_detector,3rd_derivatives_001_150,f25hcd_f25_hidden_compounder_detector_qfcf_rank_21d_jerk_v027_signal,76845,0.00016942412493540262,-0.01721720634278138
f25_hidden_compounder_detector,3rd_derivatives_001_150,f25hcd_f25_hidden_compounder_detector_qfcf_x_lahg_21d_jerk_v088_signal,76713,-0.0016698881407830421,0.003137823670133516
f26_building_products_housing,base_001_075,f26bph_f26_building_products_housing_growthstd_252d_base_v034_signal,76903,-0.022875224090612243,-0.05888401725001233
f26_building_products_housing,base_001_075,f26bph_f26_building_products_housing_cyminussns_126d_base_v062_signal,76946,0.02636241648012823,0.03436057212208298
f26_building_products_housing,base_076_150,f26bph_f26_building_products_housing_cyclevsstd_252d_base_v096_signal,76934,-0.021262700751065736,-0.0442239111774451
f26_building_products_housing,base_076_150,f26bph_f26_building_products_housing_cyclexvolclose_63d_base_v142_signal,76946,-0.007190941503860592,-0.01812821433606316
f26_building_products_housing,2nd_derivatives_001_150,f26bph_f26_building_products_housing_cycle_126d_slope_v006_signal,76946,0.012966317519446255,0.016093225378513473
f26_building_products_housing,2nd_derivatives_001_150,f26bph_f26_building_products_housing_season_63d_slope_v053_signal,76946,-0.03543099784359317,-0.06057730647522515
f26_building_products_housing,3rd_derivatives_001_150,f26bph_f26_building_products_housing_cyclesignxvol_63d_jerk_v136_signal,76946,0.0014172543893253861,0.002999519443039893
f26_building_products_housing,3rd_derivatives_001_150,f26bph_f26_building_products_housing_growth_42d_jerk_v093_signal,30695,-0.017066851582459703,-0.014559770996660868
f27_repair_remodel_durability,base_001_075,f27rrd_f27_repair_remodel_durability_dur_63d_base_v019_signal,69747,-0.025293108717968076,-0.04699026189872417
f27_repair_remodel_durability,base_001_075,f27rrd_f27_repair_remodel_durability_durxlogpx_63d_base_v070_signal,69747,-0.023460101134968905,-0.04693604105726131
f27_repair_remodel_durability,base_076_150,f27rrd_f27_repair_remodel_durability_dur_378d_base_v079_signal,76946,-0.025278107572913548,-0.050840046711157966
f27_repair_remodel_durability,base_076_150,f27rrd_f27_repair_remodel_durability_floor_dur_minus_252d_base_v143_signal,76946,0.025028724731599398,0.05026170417643718
f27_repair_remodel_durability,2nd_derivatives_001_150,f27rrd_f27_repair_remodel_durability_share_logclose_63d_slope_v077_signal,76946,-0.05067815641260951,-0.05501489768160703
f27_repair_remodel_durability,2nd_derivatives_001_150,f27rrd_f27_repair_remodel_durability_floorema_63d_slope_v024_signal,76946,-0.04167303737222703,-0.0541941726342715
f27_repair_remodel_durability,3rd_derivatives_001_150,f27rrd_f27_repair_remodel_durability_sharediff_21d_jerk_v067_signal,75602,0.024033573552865138,0.0016392943953216707
f27_repair_remodel_durability,3rd_derivatives_001_150,f27rrd_f27_repair_remodel_durability_dur_zema_252d_jerk_v133_signal,76674,0.004408670933189733,-0.003914705132461641
f28_engineering_construction_backlog,base_001_075,f28ecb_f28_engineering_construction_backlog_bconsumma_21d_base_v047_signal,23539,0.026072723889148074,-0.002554547725496746
f28_engineering_construction_backlog,base_001_075,f28ecb_f28_engineering_construction_backlog_pgrowth_42d_base_v022_signal,23511,-0.03559392742748912,-0.011303701788501774
f28_engineering_construction_backlog,base_076_150,f28ecb_f28_engineering_construction_backlog_bproxyxpkgap_252d_base_v121_signal,77335,-0.013568717449859104,-0.016447582428123417
f28_engineering_construction_backlog,base_076_150,f28ecb_f28_engineering_construction_backlog_bproxyema_252d_base_v104_signal,77335,0.005000139045762316,0.006834123899377511
f28_engineering_construction_backlog,2nd_derivatives_001_150,f28ecb_engineering_construction_backlog_bconsum_dev252_slope_v137_signal,21642,-0.03229403308487453,-0.06476309906804815
f28_engineering_construction_backlog,2nd_derivatives_001_150,f28ecb_engineering_construction_backlog_bconsum_xlogdr_252_slope_v139_signal,21572,-0.004513315895224776,-0.0541159826076955
f28_engineering_construction_backlog,3rd_derivatives_001_150,f28ecb_engineering_construction_backlog_bconsum_xrange_252_jerk_v129_signal,22969,-0.027614976442089094,0.009841034071396568
f28_engineering_construction_backlog,3rd_derivatives_001_150,f28ecb_engineering_construction_backlog_pgrowth_xpxchg_63_jerk_v085_signal,18300,-0.006763489316466243,-0.0064528599508878745
f29_building_material_pricing,base_001_075,f29bmp_building_material_pricing_gplift_xpxgap_252_base_v029_signal,76946,-0.01701193759202394,-0.02706857161038066
f29_building_material_pricing,base_001_075,f29bmp_building_material_pricing_gplift_sq_base_v025_signal,76946,-0.0025678536194092706,-0.002976989001862549
f29_building_material_pricing,base_076_150,f29bmp_building_material_pricing_mrec_dev252_base_v106_signal,76946,0.01053460070084025,0.012890430486005655
f29_building_material_pricing,base_076_150,f29bmp_building_material_pricing_compo_all_63_base_v127_signal,76946,-0.0032680848885709487,0.003843372563284724
f29_building_material_pricing,2nd_derivatives_001_150,f29bmp_building_material_pricing_pricept_z252d_slope_v059_signal,75263,-0.008674590227121526,-0.010040320183649894
f29_building_material_pricing,2nd_derivatives_001_150,f29bmp_building_material_pricing_pricept_504d_slope_v052_signal,75070,-0.006574962028594693,0.005359803950882708
f29_building_material_pricing,3rd_derivatives_001_150,f29bmp_building_material_pricing_gplift_x_corshare_252_jerk_v133_signal,76839,0.0028340688893544372,0.0006877548702464972
f29_building_material_pricing,3rd_derivatives_001_150,f29bmp_building_material_pricing_compo_all_63_jerk_v127_signal,64818,-0.023575860262047534,-0.004503920156882725
f30_residential_commercial_mix,base_001_075,f30rcm_residential_commercial_mix_segdiv_126d_base_v046_signal,76946,0.0029303202769582755,0.010575988249772595
f30_residential_commercial_mix,base_001_075,f30rcm_residential_commercial_mix_mixp_42d_base_v004_signal,76946,-0.042943439173689125,-0.06936888269134792
f30_residential_commercial_mix,base_076_150,f30rcm_residential_commercial_mix_segdiv_xstd_252_base_v079_signal,76946,0.03849591791523696,0.08937888856810124
f30_residential_commercial_mix,base_076_150,f30rcm_residential_commercial_mix_mixq_xrange_252_base_v111_signal,76946,-0.006627111289312993,-0.014141661685914367
f30_residential_commercial_mix,2nd_derivatives_001_150,f30rcm_residential_commercial_mix_mixp_x_segdiv_63_slope_v121_signal,70789,-0.013825808867492061,-0.020658444943274238
f30_residential_commercial_mix,2nd_derivatives_001_150,f30rcm_residential_commercial_mix_segdiv_xlogpx_252_slope_v067_signal,76902,-0.004021565678022852,-0.006353242987121968
f30_residential_commercial_mix,3rd_derivatives_001_150,f30rcm_residential_commercial_mix_segdiv_504d_jerk_v050_signal,73688,-0.025955516386564275,-0.0579836266792707
f30_residential_commercial_mix,3rd_derivatives_001_150,f30rcm_residential_commercial_mix_mixq_378d_jerk_v089_signal,76867,-0.0026463565653460203,-0.003051403019935724
f31_cash_conversion_quality,base_001_075,f31ccq_f31_cash_conversion_quality_ocfebitdaratio_63v252_base_v058_signal,76946,-0.02114410057379049,-0.0315049668228026
f31_cash_conversion_quality,base_001_075,f31ccq_f31_cash_conversion_quality_ocfebitda_diff504_base_v045_signal,76698,0.03146814770875167,0.056881934517031815
f31_cash_conversion_quality,base_076_150,f31ccq_f31_cash_conversion_quality_consistdiff_63m252_base_v122_signal,76946,0.02627690966161702,0.05812026807233684
f31_cash_conversion_quality,base_076_150,f31ccq_f31_cash_conversion_quality_durability_5d_base_v086_signal,5527,-0.07335844630182059,-0.09037141471008112
f31_cash_conversion_quality,2nd_derivatives_001_150,f31ccq_f31_cash_conversion_quality_durability_10d_slope_v057_signal,591,-0.05694074656261699,-0.039114931674981326
f31_cash_conversion_quality,2nd_derivatives_001_150,f31ccq_f31_cash_conversion_quality_ocfebitdamean_126d_slope_v027_signal,76946,-0.027610281796966684,0.007201634469942753
f31_cash_conversion_quality,3rd_derivatives_001_150,f31ccq_f31_cash_conversion_quality_durability_10d_jerk_v059_signal,3382,-0.0396151594755446,-0.0014763037312939106
f31_cash_conversion_quality,3rd_derivatives_001_150,f31ccq_f31_cash_conversion_quality_consist_63d_jerk_v121_signal,76946,-0.005003870062541703,-0.009592347116954843
f32_fcf_yield_durability,base_001_075,f32fyd_f32_fcf_yield_durability_yieldema_252d_base_v026_signal,76946,-0.017355353386986395,-0.02459955886862892
f32_fcf_yield_durability,base_001_075,f32fyd_f32_fcf_yield_durability_yieldmkt_63d_base_v044_signal,76946,-0.0128621198109016,-0.012777897052325165
f32_fcf_yield_durability,base_076_150,f32fyd_f32_fcf_yield_durability_yieldxvol_252d_base_v102_signal,76946,-0.009259800178879094,-0.009394371287769912
f32_fcf_yield_durability,base_076_150,f32fyd_f32_fcf_yield_durability_compoundqsharpe_63d_base_v137_signal,73266,-0.00972243385371041,-0.00834449786614502
f32_fcf_yield_durability,2nd_derivatives_001_150,f32fyd_f32_fcf_yield_durability_yieldmean_5d_slope_v001_signal,76889,-0.010883403336074245,-0.01757234467503715
f32_fcf_yield_durability,2nd_derivatives_001_150,f32fyd_f32_fcf_yield_durability_compoundq_63d_slope_v123_signal,76946,0.00757188015314065,0.057587336658967654
f32_fcf_yield_durability,3rd_derivatives_001_150,f32fyd_f32_fcf_yield_durability_stability_252d_jerk_v089_signal,76905,0.021707736727079298,0.031237151058132462
f32_fcf_yield_durability,3rd_derivatives_001_150,f32fyd_f32_fcf_yield_durability_yieldmean_63d_jerk_v022_signal,76946,-0.026847584893971873,-0.03775516860953898
f33_capital_efficiency_compounding,base_001_075,f33cec_f33_capital_efficiency_compounding_uplift_504d_base_v016_signal,76946,-0.019507914412330317,-0.03152931951989285
f33_capital_efficiency_compounding,base_001_075,f33cec_f33_capital_efficiency_compounding_upliftxprice_252d_base_v050_signal,76946,-0.022295208882612917,-0.041205035368014196
f33_capital_efficiency_compounding,base_076_150,f33cec_f33_capital_efficiency_compounding_upliftxvol_63d_base_v101_signal,76946,-0.02128473529044945,-0.0338785477534167
f33_capital_efficiency_compounding,base_076_150,f33cec_f33_capital_efficiency_compounding_roicsumxsign_252d_base_v137_signal,76946,-0.027963073251680747,-0.04696890179690169
f33_capital_efficiency_compounding,2nd_derivatives_001_150,f33cec_f33_capital_efficiency_compounding_traj_504d_slope_v046_signal,76655,-0.03369684263393753,-0.05508649080147893
f33_capital_efficiency_compounding,2nd_derivatives_001_150,f33cec_f33_capital_efficiency_compounding_uplift_21d_slope_v112_signal,76713,-0.03914140203905427,-0.03934602841900747
f33_capital_efficiency_compounding,3rd_derivatives_001_150,f33cec_f33_capital_efficiency_compounding_persist_252d_jerk_v086_signal,76946,-0.00893747538131395,-0.012130351962684175
f33_capital_efficiency_compounding,3rd_derivatives_001_150,f33cec_f33_capital_efficiency_compounding_traj_63d_jerk_v023_signal,76878,-0.028848347851362834,-0.02092717869907555
f34_roic_vs_wacc_spread_proxy,base_001_075,f34rws_f34_roic_vs_wacc_spread_proxy_excess_diff_252d_base_v051_signal,76946,-0.03533633325864706,-0.07930439825625389
f34_roic_vs_wacc_spread_proxy,base_001_075,f34rws_f34_roic_vs_wacc_spread_proxy_vcreate_rank_63d_base_v060_signal,76946,-0.03401970214794064,-0.0635342471563603
f34_roic_vs_wacc_spread_proxy,base_076_150,f34rws_f34_roic_vs_wacc_spread_proxy_excess_diff_252m504_base_v127_signal,76946,-0.05144945467785324,-0.09775659215586655
f34_roic_vs_wacc_spread_proxy,base_076_150,f34rws_f34_roic_vs_wacc_spread_proxy_vcreate_sharpe_63d_base_v086_signal,73911,-0.026641062476618873,-0.05228934053362859
f34_roic_vs_wacc_spread_proxy,2nd_derivatives_001_150,f34rws_f34_roic_vs_wacc_spread_proxy_vcreate_378d_slope_v041_signal,76946,-0.03612386915890161,-0.06561468903960194
f34_roic_vs_wacc_spread_proxy,2nd_derivatives_001_150,f34rws_f34_roic_vs_wacc_spread_proxy_vcreate_378d_slope_v044_signal,76946,-0.0658180174749056,-0.1009242144630517
f34_roic_vs_wacc_spread_proxy,3rd_derivatives_001_150,f34rws_f34_roic_vs_wacc_spread_proxy_vcreate_189d_jerk_v033_signal,76946,0.02245922029858794,0.043856032047338615
f34_roic_vs_wacc_spread_proxy,3rd_derivatives_001_150,f34rws_f34_roic_vs_wacc_spread_proxy_vcreate_10d_jerk_v008_signal,76946,-0.01964307697215502,0.011719106348638122
f35_asset_turnover_compounding,base_001_075,f35atc_f35_asset_turnover_compounding_spa_378d_base_v020_signal,76946,-0.03475595547580644,-0.06403133625328868
f35_asset_turnover_compounding,base_001_075,f35atc_f35_asset_turnover_compounding_trajdiff_252d_base_v060_signal,76720,-0.036625033008669476,-0.07870180795386285
f35_asset_turnover_compounding,base_076_150,f35atc_f35_asset_turnover_compounding_atxrevgrowth_63d_base_v094_signal,76946,-0.038434324102323385,-0.06921090297109672
f35_asset_turnover_compounding,base_076_150,f35atc_f35_asset_turnover_compounding_spaxpricelog_252d_base_v136_signal,76946,-0.032405249800190834,-0.0614106162012853
f35_asset_turnover_compounding,2nd_derivatives_001_150,f35atc_f35_asset_turnover_compounding_spa_252d_slope_v090_signal,76905,-0.04625436620501211,-0.0905215376337994
f35_asset_turnover_compounding,2nd_derivatives_001_150,f35atc_f35_asset_turnover_compounding_traj_252d_slope_v040_signal,76720,-0.04950518553611352,-0.09760920919610705
f35_asset_turnover_compounding,3rd_derivatives_001_150,f35atc_f35_asset_turnover_compounding_persist_378d_jerk_v141_signal,76946,-0.011246888799930516,-0.012999067708935571
f35_asset_turnover_compounding,3rd_derivatives_001_150,f35atc_f35_asset_turnover_compounding_persist_378d_jerk_v141_signal,76946,-0.011246888799930516,-0.012999067708935571
f36_operating_leverage_intensity,base_001_075,f36oli_f36_operating_leverage_intensity_opleveragesm_189d_189d_base_v017_signal,76946,-0.001544605496585422,-0.013854475442168918
f36_operating_leverage_intensity,base_001_075,f36oli_f36_operating_leverage_intensity_opleverage_21d_21d_base_v003_signal,25636,0.03325423880793385,0.03288378137991631
f36_operating_leverage_intensity,base_076_150,f36oli_f36_operating_leverage_intensity_opleveragexebitratio_63d_63d_base_v077_signal,70789,0.012063572242718243,0.019034310539300495
f36_operating_leverage_intensity,base_076_150,f36oli_f36_operating_leverage_intensity_dropthroughstd_63d_63d_base_v089_signal,20376,0.00982453443223147,-0.0031765596198316468
f36_operating_leverage_intensity,2nd_derivatives_001_150,f36oli_f36_operating_leverage_intensity_opleveragexebmar_504d_252d_slope_v135_signal,73755,-0.0096781561959974,-0.01052011095063232
f36_operating_leverage_intensity,2nd_derivatives_001_150,f36oli_f36_operating_leverage_intensity_marginbeta_504d_5d_slope_v036_signal,76946,0.0019051542622929864,0.016747130791457697
f36_operating_leverage_intensity,3rd_derivatives_001_150,f36oli_f36_operating_leverage_intensity_dropthroughsign_21d_21d_jerk_v112_signal,2725,0.009660866460610673,0.007699137827411608
f36_operating_leverage_intensity,3rd_derivatives_001_150,f36oli_f36_operating_leverage_intensity_dropthroughxrev_42d_252d_jerk_v050_signal,45917,0.02425858059751874,0.009679567543537635
f37_pricing_power_industrial,base_001_075,f37ppi_f37_pricing_power_industrial_revperasset_504d_504d_base_v028_signal,76946,-0.03392066957710481,-0.06312890629586673
f37_pricing_power_industrial,base_001_075,f37ppi_f37_pricing_power_industrial_revperunit_ppnenet_lag126_21d_base_v004_signal,76946,-0.04321271944009782,-0.07195863995055199
f37_pricing_power_industrial,base_076_150,f37ppi_f37_pricing_power_industrial_uniteconema_252d_252d_base_v108_signal,76946,-0.026872461288391512,-0.05947864614475384
f37_pricing_power_industrial,base_076_150,f37ppi_f37_pricing_power_industrial_uniteconema_21d_21d_base_v103_signal,76946,-0.017086180091104672,-0.041036432871033104
f37_pricing_power_industrial,2nd_derivatives_001_150,f37ppi_f37_pricing_power_industrial_uniteconz_21_252_252d_slope_v075_signal,76863,-0.007293545095923537,0.009235645818880126
f37_pricing_power_industrial,2nd_derivatives_001_150,f37ppi_f37_pricing_power_industrial_composite_21d_126d_slope_v129_signal,76946,-0.06162203207814534,-0.08302650611268873
f37_pricing_power_industrial,3rd_derivatives_001_150,f37ppi_f37_pricing_power_industrial_uniteconsm_42d_21d_jerk_v062_signal,64006,-0.010088013248156408,0.012568612701113367
f37_pricing_power_industrial,3rd_derivatives_001_150,f37ppi_f37_pricing_power_industrial_revperppnxasset_42d_126d_jerk_v084_signal,76945,-0.038267256144917494,-0.0333301491287608
f38_margin_durability_input,base_001_075,f38mdi_f38_margin_durability_input_resilz_126_252_252d_base_v034_signal,76399,-0.010611563836340645,-0.015758997105265758
f38_margin_durability_input,base_001_075,f38mdi_f38_margin_durability_input_bufferdiff_21d_21d_base_v070_signal,76946,-0.0034024404349529335,-0.007265463133982166
f38_margin_durability_input,base_076_150,f38mdi_f38_margin_durability_input_passdiff_126d_126d_base_v129_signal,76801,0.011720453792405713,-0.003282176565179493
f38_margin_durability_input,base_076_150,f38mdi_f38_margin_durability_input_resilsq_504d_504d_base_v092_signal,76946,-0.011030340519914804,-0.022237809483729897
f38_margin_durability_input,2nd_derivatives_001_150,f38mdi_f38_margin_durability_input_resilience_504d_5d_slope_v016_signal,76946,-0.02261008201374288,-0.046550086096375586
f38_margin_durability_input,2nd_derivatives_001_150,f38mdi_f38_margin_durability_input_resilsq_378d_5d_slope_v091_signal,76946,-0.0345307492070091,-0.061644947364870466
f38_margin_durability_input,3rd_derivatives_001_150,f38mdi_f38_margin_durability_input_passz_126_504_252d_jerk_v150_signal,72614,0.003846411869355179,0.013042606112829525
f39_margin_trough_to_peak,base_001_075,f39mtp_f39_margin_trough_to_peak_recovery_grossmargin_189d_189d_base_v067_signal,76892,-0.007149057630600101,-0.0035426593943398573
f39_margin_trough_to_peak,base_001_075,f39mtp_f39_margin_trough_to_peak_trough_netmargin_42d_42d_base_v054_signal,46007,-0.008413302795414647,-0.020597984138021525
f39_margin_trough_to_peak,base_076_150,f39mtp_f39_margin_trough_to_peak_rngema_ebitdamargin_252d_252d_base_v140_signal,76946,-0.014603927509258572,-0.033928681131697225
f39_margin_trough_to_peak,base_076_150,f39mtp_f39_margin_trough_to_peak_rngxrec_grossmargin_126d_126d_base_v092_signal,75867,0.001767448945929719,-0.00029153598662703164
f39_margin_trough_to_peak,2nd_derivatives_001_150,f39mtp_f39_margin_trough_to_peak_rngema_grossmargin_504d_21d_slope_v137_signal,76946,-0.043190881948924516,-0.029153425212431812
f39_margin_trough_to_peak,2nd_derivatives_001_150,f39mtp_f39_margin_trough_to_peak_trough_grossmargin_378d_126d_slope_v039_signal,53702,-0.022137697039339908,-0.05093598862431605
f39_margin_trough_to_peak,3rd_derivatives_001_150,f39mtp_f39_margin_trough_to_peak_rngema_grossmargin_126d_252d_jerk_v135_signal,75982,0.009135405422678768,0.01854430741652572
f39_margin_trough_to_peak,3rd_derivatives_001_150,f39mtp_f39_margin_trough_to_peak_crossrec_63d_5d_jerk_v131_signal,43065,-0.00146376027358088,-0.007503758597485556
f40_fixed_cost_scaling,base_001_075,f40fcs_f40_fixed_cost_scaling_sgnaintensity_21d_21d_base_v003_signal,76946,-0.02304583894859278,-0.04923619078007535
f40_fixed_cost_scaling,base_001_075,f40fcs_f40_fixed_cost_scaling_gapxint_189d_189d_base_v057_signal,76946,0.023200656137415305,0.04407551733041918
f40_fixed_cost_scaling,base_076_150,f40fcs_f40_fixed_cost_scaling_fixedlevxopex_5d_5d_base_v099_signal,6118,-0.003981577791385123,0.01432242380529594
f40_fixed_cost_scaling,base_076_150,f40fcs_f40_fixed_cost_scaling_intensityema_42d_42d_base_v076_signal,76946,-0.02348384681959055,-0.04919094485818805
f40_fixed_cost_scaling,2nd_derivatives_001_150,f40fcs_f40_fixed_cost_scaling_sgnaintdiff_378d_126d_slope_v039_signal,76733,-0.012957034596862987,-0.02499304522836231
f40_fixed_cost_scaling,2nd_derivatives_001_150,f40fcs_f40_fixed_cost_scaling_sgnaintxopex_63d_252d_slope_v045_signal,76935,-0.04220427606737245,-0.07242836130919661
f40_fixed_cost_scaling,3rd_derivatives_001_150,f40fcs_f40_fixed_cost_scaling_sgnaintdiff_189d_21d_jerk_v037_signal,76946,-0.003626280953416965,0.004879993898766976
f40_fixed_cost_scaling,3rd_derivatives_001_150,f40fcs_f40_fixed_cost_scaling_intensitysq_42d_21d_jerk_v122_signal,76946,-0.01742468515612903,-0.020451725332345797
f41_balance_sheet_resilience_cyclical,base_001_075,f41bsr_f41_balance_sheet_resilience_cyclical_ndebt_ebitda_smooth126d_xc_base_v016_signal,76946,-0.0041836921939504244,-0.011384209901040976
f41_balance_sheet_resilience_cyclical,base_001_075,f41bsr_f41_balance_sheet_resilience_cyclical_debt_cap_10d_xc_base_v072_signal,76870,-0.010275673837868355,0.0018315632810594086
f41_balance_sheet_resilience_cyclical,base_076_150,f41bsr_f41_balance_sheet_resilience_cyclical_debt_cap_63d_xcm21_base_v083_signal,76870,-0.008095295238583523,0.0037294058548477623
f41_balance_sheet_resilience_cyclical,base_076_150,f41bsr_f41_balance_sheet_resilience_cyclical_lev_ema_252d_base_v117_signal,76946,-0.01201923799857153,-0.03393132403289656
f41_balance_sheet_resilience_cyclical,2nd_derivatives_001_150,f41bsr_f41_balance_sheet_resilience_cyclical_ndebt_sq_126d_5d_slope_v133_signal,76870,-0.005368861902868498,-0.000876645738611605
f41_balance_sheet_resilience_cyclical,2nd_derivatives_001_150,f41bsr_f41_balance_sheet_resilience_cyclical_ndebt_sq_252d_42d_slope_v136_signal,76870,-0.005555462750803255,-0.015191036510114204
f41_balance_sheet_resilience_cyclical,3rd_derivatives_001_150,f41bsr_f41_balance_sheet_resilience_cyclical_capxlev_63d_63d_jerk_v143_signal,76134,-0.021800427685265855,-0.015464971507430595
f41_balance_sheet_resilience_cyclical,3rd_derivatives_001_150,f41bsr_f41_balance_sheet_resilience_cyclical_ndebt_sq_21d_126d_jerk_v124_signal,76796,-0.025085072279367543,-0.06942166785184123
f42_dividend_safety_cyclical,base_001_075,f42dsc_f42_dividend_safety_cyclical_payout_cov_sm63d_xclog_base_v014_signal,70341,-0.026610802243210867,-0.03411725932796501
f42_dividend_safety_cyclical,base_001_075,f42dsc_f42_dividend_safety_cyclical_payout_dur_42d_xcm21_base_v072_signal,76925,-0.04177914355818558,-0.007127640216316536
f42_dividend_safety_cyclical,base_076_150,f42dsc_f42_dividend_safety_cyclical_payout_dur_252d_xclog_base_v083_signal,76983,0.018044017879086906,0.014277309502845129
f42_dividend_safety_cyclical,base_076_150,f42dsc_f42_dividend_safety_cyclical_safety_ema_63d_base_v107_signal,76255,-0.02686664701204663,-0.052224478907077695
f42_dividend_safety_cyclical,2nd_derivatives_001_150,f42dsc_f42_dividend_safety_cyclical_div_safety_189d_xc_5d_slope_v049_signal,70348,0.014096405670874798,0.02446343332355597
f42_dividend_safety_cyclical,2nd_derivatives_001_150,f42dsc_f42_dividend_safety_cyclical_payout_dur_42d_xclog_63d_slope_v071_signal,48192,-0.011766854459119758,-0.03548151575323036
f42_dividend_safety_cyclical,3rd_derivatives_001_150,f42dsc_f42_dividend_safety_cyclical_payout_cov_sm42d_xclog_63d_jerk_v011_signal,69152,-0.012327571532349537,-0.019173328101708076
f42_dividend_safety_cyclical,3rd_derivatives_001_150,f42dsc_f42_dividend_safety_cyclical_payout_cov_sm378d_xclog_42d_jerk_v026_signal,69434,-8.189748164390939e-05,-0.010305484070701303
f43_buyback_cycle_timing,base_001_075,f43bct_f43_buyback_cycle_timing_bbq_10d_xclog_base_v065_signal,76946,-0.002977835111806688,-0.008588066682263338
f43_buyback_cycle_timing,base_001_075,f43bct_f43_buyback_cycle_timing_bbi_504d_xc_base_v058_signal,76946,-0.01648300550655384,-0.018447443596265396
f43_buyback_cycle_timing,base_076_150,f43bct_f43_buyback_cycle_timing_bbqz_504d_base_v147_signal,73964,-0.0008526932770937935,0.007045860364740248
f43_buyback_cycle_timing,base_076_150,f43bct_f43_buyback_cycle_timing_bbq_189d_xc_base_v079_signal,76946,0.03144377319037263,0.038724226227975916
f43_buyback_cycle_timing,2nd_derivatives_001_150,f43bct_f43_buyback_cycle_timing_sccchg_126d_xclog_63d_slope_v017_signal,74022,-0.01189610166129226,0.001187782448476455
f43_buyback_cycle_timing,2nd_derivatives_001_150,f43bct_f43_buyback_cycle_timing_wabbq_252d_126d_slope_v114_signal,74066,-0.0018731655897906367,0.010448910583835236
f43_buyback_cycle_timing,3rd_derivatives_001_150,f43bct_f43_buyback_cycle_timing_bbq_252d_xcm21_126d_jerk_v084_signal,74875,0.006196436506294827,0.007992189879518743
f43_buyback_cycle_timing,3rd_derivatives_001_150,f43bct_f43_buyback_cycle_timing_scc_ema_63d_42d_jerk_v130_signal,61142,-0.003976637372584586,0.002314773820870069
f44_cyclical_distress_signature,base_001_075,f44cds_f44_cyclical_distress_signature_stress_10d_xcm21_base_v066_signal,76600,-0.02069711717998569,-0.022497013600703813
f44_cyclical_distress_signature,base_001_075,f44cds_f44_cyclical_distress_signature_distress_378d_xclog_base_v026_signal,76946,0.00217652800485563,-0.009578953939611336
f44_cyclical_distress_signature,base_076_150,f44cds_f44_cyclical_distress_signature_distressxcollapse_63d_base_v111_signal,77285,-0.0009765767042178223,-0.009573677902524553
f44_cyclical_distress_signature,base_076_150,f44cds_f44_cyclical_distress_signature_distress_z_252d_base_v133_signal,76946,0.0448640816731325,0.08152821588456488
f44_cyclical_distress_signature,2nd_derivatives_001_150,f44cds_f44_cyclical_distress_signature_distressxcollapse_252d_63d_slope_v131_signal,76756,0.04251257175811331,0.07981981142248747
f44_cyclical_distress_signature,2nd_derivatives_001_150,f44cds_f44_cyclical_distress_signature_collapse_ema_252d_63d_slope_v137_signal,76946,0.04855820654742131,0.08515507479012124
f44_cyclical_distress_signature,3rd_derivatives_001_150,f44cds_f44_cyclical_distress_signature_distress_z_126d_63d_jerk_v123_signal,76569,-0.026374968407572252,-0.07359391022031582
f44_cyclical_distress_signature,3rd_derivatives_001_150,f44cds_f44_cyclical_distress_signature_collapsexstress_126d_42d_jerk_v130_signal,75842,0.0025858416503453463,-0.01190404061057919
f45_debt_funded_growth_risk,base_001_075,f45dfg_f45_debt_funded_growth_risk_dfg_5d_xclog_base_v032_signal,8489,-0.020276120393804036,0.020564409400993116
f45_debt_funded_growth_risk,base_001_075,f45dfg_f45_debt_funded_growth_risk_acqint_21d_xc_base_v067_signal,73540,0.008362953036824368,-0.000918312833608788
f45_debt_funded_growth_risk,base_076_150,f45dfg_f45_debt_funded_growth_risk_acq_ema_42d_base_v109_signal,76946,-0.0033942257851854265,-0.011747920070449743
f45_debt_funded_growth_risk,base_076_150,f45dfg_f45_debt_funded_growth_risk_acq_long_10d_base_v147_signal,73552,0.006607858262121104,-0.0012718719932542043
f45_debt_funded_growth_risk,2nd_derivatives_001_150,f45dfg_f45_debt_funded_growth_risk_dfg_252d_xc_42d_slope_v052_signal,75175,0.007909945318198965,0.0030093833300091255
f45_debt_funded_growth_risk,2nd_derivatives_001_150,f45dfg_f45_debt_funded_growth_risk_gap_z_63d_5d_slope_v115_signal,70221,0.007868518871370744,0.018962833840594825
f45_debt_funded_growth_risk,3rd_derivatives_001_150,f45dfg_f45_debt_funded_growth_risk_dfg_10d_xcm21_126d_jerk_v036_signal,3710,-0.06639181614374896,-0.053403416991760835
f45_debt_funded_growth_risk,3rd_derivatives_001_150,f45dfg_f45_debt_funded_growth_risk_gap_ema_42d_63d_jerk_v107_signal,38784,0.007564013906303875,0.07923298767007621
f46_industrial_earnings_quality,base_001_075,f46ieq_f46_industrial_earnings_quality_acq_252d_base_v016_signal,76946,0.007339041098115542,0.034528892239140296
f46_industrial_earnings_quality,base_001_075,f46ieq_f46_industrial_earnings_quality_acgap_assets_63d_base_v051_signal,76946,-0.006768301743868673,-0.0055285064748442905
f46_industrial_earnings_quality,base_076_150,f46ieq_f46_industrial_earnings_quality_acqlagdiff_252d_base_v132_signal,76935,-0.04583534637804692,-0.09593685277624715
f46_industrial_earnings_quality,base_076_150,f46ieq_f46_industrial_earnings_quality_gapxcepint_252d_base_v116_signal,76946,-0.0011235404465938794,0.0216558887267553
f46_industrial_earnings_quality,2nd_derivatives_001_150,f46ieq_f46_industrial_earnings_quality_acq_21d_slope_v019_signal,76946,-0.013445100896885215,-0.023194963412567007
f46_industrial_earnings_quality,2nd_derivatives_001_150,f46ieq_f46_industrial_earnings_quality_cepxdv_252d_slope_v062_signal,76946,0.00466784759516792,0.024413095400160074
f46_industrial_earnings_quality,3rd_derivatives_001_150,f46ieq_f46_industrial_earnings_quality_cep_252d_jerk_v110_signal,76946,-0.003442482527902074,-0.004143503876499304
f46_industrial_earnings_quality,3rd_derivatives_001_150,f46ieq_f46_industrial_earnings_quality_acq_21d_jerk_v019_signal,76946,-0.00428024276509,0.009338845197252699
f47_capex_overhang_risk,base_001_075,f47cohr_f47_capex_overhang_risk_oiz_63d_base_v028_signal,76946,0.024844727600744416,0.03596373212608297
f47_capex_overhang_risk,base_001_075,f47cohr_f47_capex_overhang_risk_oidiff_21m63_base_v039_signal,76946,0.015570956793667597,0.026266262773967076
f47_capex_overhang_risk,base_076_150,f47cohr_f47_capex_overhang_risk_pressxlogprice_252d_base_v091_signal,76946,0.00448965376807832,0.010645791371717261
f47_capex_overhang_risk,base_076_150,f47cohr_f47_capex_overhang_risk_oixroic_252d_base_v095_signal,76946,0.050488370113294385,0.09974190127745225
f47_capex_overhang_risk,2nd_derivatives_001_150,f47cohr_f47_capex_overhang_risk_signalxcap_63d_slope_v094_signal,76946,-0.04942343055649955,-0.06043721631717948
f47_capex_overhang_risk,2nd_derivatives_001_150,f47cohr_f47_capex_overhang_risk_signaldiff_21m63_slope_v037_signal,70123,-0.01170176361887055,0.013928687761571117
f47_capex_overhang_risk,3rd_derivatives_001_150,f47cohr_f47_capex_overhang_risk_oiskew_252d_jerk_v065_signal,76946,0.017226594244578737,0.005198686393922961
f47_capex_overhang_risk,3rd_derivatives_001_150,f47cohr_f47_capex_overhang_risk_signaldiff_63m252_jerk_v036_signal,76946,0.00944797630318673,0.03152581790674962
f48_sector_relative_momentum,base_001_075,f48srm_f48_sector_relative_momentum_excessxdv_63d_base_v060_signal,76946,-0.04098335467673809,-0.043658479035241574
f48_sector_relative_momentum,base_001_075,f48srm_f48_sector_relative_momentum_excessz_252d_base_v029_signal,76946,-0.030939667070063154,-0.037446966131003685
f48_sector_relative_momentum,base_076_150,f48srm_f48_sector_relative_momentum_dualema_252v504_base_v088_signal,76946,-0.05365340631473186,-0.0960736229479724
f48_sector_relative_momentum,base_076_150,f48srm_f48_sector_relative_momentum_excess_pct_63d_base_v126_signal,76946,0.009485267518524628,0.02027007754236217
f48_sector_relative_momentum,2nd_derivatives_001_150,f48srm_f48_sector_relative_momentum_persxvol_dv_252d_slope_v125_signal,76946,-0.006576826351016184,-0.008357903125180638
f48_sector_relative_momentum,2nd_derivatives_001_150,f48srm_f48_sector_relative_momentum_excessema_63d_slope_v042_signal,76946,-0.0014284535361943336,0.006250415764843348
f48_sector_relative_momentum,3rd_derivatives_001_150,f48srm_f48_sector_relative_momentum_composite_252d_jerk_v058_signal,76946,-0.02235073685673355,-0.03943322343395762
f48_sector_relative_momentum,3rd_derivatives_001_150,f48srm_f48_sector_relative_momentum_excessema_63d_jerk_v042_signal,76946,-0.03336386264449964,-0.01582245098930282
f49_conglomerate_premium_discount,base_001_075,f49cpd_f49_conglomerate_premium_discount_sotp_rank_252d_base_v056_signal,76947,0.00936387333523685,0.01762931709188292
f49_conglomerate_premium_discount,base_001_075,f49cpd_f49_conglomerate_premium_discount_evebitdaxmargin_63d_base_v066_signal,76946,-0.023912110367187052,-0.05121712335565319
f49_conglomerate_premium_discount,base_076_150,f49cpd_f49_conglomerate_premium_discount_evebitda_minus_const_252d_base_v127_signal,76946,-0.023098323629634307,-0.04526484719957819
f49_conglomerate_premium_discount,base_076_150,f49cpd_f49_conglomerate_premium_discount_premdisc_lagdiff_252d_base_v119_signal,76935,-0.026297695333764977,-0.04443734681016108
f49_conglomerate_premium_discount,2nd_derivatives_001_150,f49cpd_f49_conglomerate_premium_discount_evebitda_ratio_63v252_slope_v108_signal,76946,-0.06127023244057742,-0.07351460393003047
f49_conglomerate_premium_discount,2nd_derivatives_001_150,f49cpd_f49_conglomerate_premium_discount_evebitdaxvolz_252d_slope_v051_signal,76945,-0.010148929535099624,-0.00896176502219032
f49_conglomerate_premium_discount,3rd_derivatives_001_150,f49cpd_f49_conglomerate_premium_discount_evebitda_event_hi_504d_jerk_v092_signal,76946,-0.04235938284347261,-0.05034254005089311
f49_conglomerate_premium_discount,3rd_derivatives_001_150,f49cpd_f49_conglomerate_premium_discount_sqpremdisc_252d_jerk_v082_signal,76946,-0.052627473147630985,-0.0881054529574446
f50_industrial_terminal_compounder,base_001_075,f50itc_f50_industrial_terminal_compounder_cscore_126d_base_v012_signal,76946,-0.02723926328188834,-0.05301231967198426
f50_industrial_terminal_compounder,base_001_075,f50itc_f50_industrial_terminal_compounder_qcompema_252d_base_v047_signal,76946,-0.026791709052354024,-0.04489999420866059
f50_industrial_terminal_compounder,base_076_150,f50itc_f50_industrial_terminal_compounder_tquality_lograw_252d_base_v078_signal,76946,-0.014809604327484233,-0.028907539848508985
f50_industrial_terminal_compounder,base_076_150,f50itc_f50_industrial_terminal_compounder_cscore_skew_504d_base_v119_signal,76946,-0.01564637726335757,-0.0330107100160566
f50_industrial_terminal_compounder,2nd_derivatives_001_150,f50itc_f50_industrial_terminal_compounder_cscorerank_504d_slope_v142_signal,76946,-0.033937306290793785,-0.06554283398683247
f50_industrial_terminal_compounder,2nd_derivatives_001_150,f50itc_f50_industrial_terminal_compounder_cscorexprice_log_252d_slope_v118_signal,76946,-0.072169106434431,-0.10223176608621277
f50_industrial_terminal_compounder,3rd_derivatives_001_150,f50itc_f50_industrial_terminal_compounder_cscoreratio_63v252_jerk_v113_signal,76915,-0.05232481928307247,-0.034671907531972884
f50_industrial_terminal_compounder,3rd_derivatives_001_150,f50itc_f50_industrial_terminal_compounder_qcomp_504d_jerk_v005_signal,76905,-0.0813548899338934,-0.10703569205601268
